{"cameraMode":{"drawMode":0,"name":"Shaded","section":"Shading Mode"},"sceneLighting":false,"audioPlay":false,"sceneViewState":{"m_AlwaysRefresh":false,"showFog":true,"showSkybox":true,"showFlares":true,"showImageEffects":true,"showParticleSystems":true,"showVisualEffectGraphs":true,"m_FxEnabled":true},"in2DMode":false,"pivot":{"x":8.647991180419922,"y":0.2626523971557617,"z":31.42055892944336},"rotation":{"x":0.10688803344964981,"y":-0.01342230848968029,"z":0.001443588058464229,"w":0.994182825088501},"size":44.995704650878909,"orthographic":false}