{"cameraMode":{"drawMode":0,"name":"Shaded","section":"Shading Mode"},"sceneLighting":false,"audioPlay":false,"sceneViewState":{"m_AlwaysRefresh":false,"showFog":true,"showSkybox":true,"showFlares":true,"showImageEffects":true,"showParticleSystems":true,"showVisualEffectGraphs":true,"m_FxEnabled":true},"in2DMode":false,"pivot":{"x":-30.724239349365236,"y":-16.81830596923828,"z":72.4092788696289},"rotation":{"x":-0.12684516608715058,"y":-0.010415198281407357,"z":0.0012970991665497423,"w":-0.9918795824050903},"size":43.34025573730469,"orthographic":false}