{"cameraMode":{"drawMode":0,"name":"Shaded","section":"Shading Mode"},"sceneLighting":true,"audioPlay":false,"sceneViewState":{"m_AlwaysRefresh":false,"showFog":true,"showSkybox":true,"showFlares":true,"showImageEffects":true,"showParticleSystems":true,"showVisualEffectGraphs":true,"m_FxEnabled":true},"in2DMode":false,"pivot":{"x":-2.2724313735961916,"y":2.847679853439331,"z":7.316595077514648},"rotation":{"x":-0.05394483730196953,"y":-0.032638754695653918,"z":0.0017660665325820447,"w":-0.998012363910675},"size":14.899540901184082,"orthographic":false}