{"cameraMode":{"drawMode":0,"name":"Shaded","section":"Shading Mode"},"sceneLighting":true,"audioPlay":false,"sceneViewState":{"m_AlwaysRefresh":false,"showFog":true,"showSkybox":true,"showFlares":true,"showImageEffects":true,"showParticleSystems":true,"showVisualEffectGraphs":true,"m_FxEnabled":true},"in2DMode":false,"pivot":{"x":7.482606887817383,"y":2.3665201663970949,"z":7.649345397949219},"rotation":{"x":0.04910627752542496,"y":0.1225375160574913,"z":-0.006073399912565947,"w":0.9912391901016235},"size":17.949792861938478,"orthographic":false}