{"cameraMode":{"drawMode":0,"name":"Shaded","section":"Shading Mode"},"sceneLighting":true,"audioPlay":false,"sceneViewState":{"m_AlwaysRefresh":false,"showFog":true,"showSkybox":true,"showFlares":true,"showImageEffects":true,"showParticleSystems":true,"showVisualEffectGraphs":true,"m_FxEnabled":true},"in2DMode":false,"pivot":{"x":2.4260082244873049,"y":0.8681934475898743,"z":-7.118942737579346},"rotation":{"x":0.02810594066977501,"y":-0.34931254386901858,"z":0.010479835793375969,"w":0.9365319609642029},"size":3.6265695095062258,"orthographic":false}